
{
	"start":	{
		"connected":	[{
				"socket":	6,
				"local_host":	"172.18.0.2",
				"local_port":	50100,
				"remote_host":	"172.18.0.3",
				"remote_port":	41390
			}],
		"version":	"iperf 3.11",
		"system_info":	"Linux ips-server 6.0.7-100.fc35.x86_64 #1 SMP PREEMPT_DYNAMIC Thu Nov 3 21:31:24 UTC 2022 x86_64",
		"target_bitrate":	100000000,
		"timestamp":	{
			"time":	"Sat, 19 Nov 2022 17:10:59 UTC",
			"timesecs":	1668877859
		},
		"accepted_connection":	{
			"host":	"172.18.0.3",
			"port":	57638
		},
		"cookie":	"ftkpqwbswhkd23r5mjhinlqa6duu24a7ufxm",
		"target_bitrate":	100000000,
		"sock_bufsize":	0,
		"sndbuf_actual":	212992,
		"rcvbuf_actual":	212992,
		"test_start":	{
			"protocol":	"UDP",
			"num_streams":	1,
			"blksize":	1448,
			"omit":	0,
			"duration":	30,
			"bytes":	0,
			"blocks":	0,
			"reverse":	1,
			"tos":	0,
			"target_bitrate":	100000000
		}
	},
	"intervals":	[{
			"streams":	[{
					"socket":	6,
					"start":	0,
					"end":	1.000073,
					"seconds":	1.0000729560852051,
					"bytes":	677664,
					"bits_per_second":	5420916.5111531224,
					"packets":	468,
					"omitted":	false,
					"sender":	true
				}],
			"sum":	{
				"start":	0,
				"end":	1.000073,
				"seconds":	1.0000729560852051,
				"bytes":	677664,
				"bits_per_second":	5420916.5111531224,
				"packets":	468,
				"omitted":	false,
				"sender":	true
			}
		}, {
			"streams":	[{
					"socket":	6,
					"start":	1.000073,
					"end":	2.000031,
					"seconds":	0.99995797872543335,
					"bytes":	606712,
					"bits_per_second":	4853899.9670632351,
					"packets":	419,
					"omitted":	false,
					"sender":	true
				}],
			"sum":	{
				"start":	1.000073,
				"end":	2.000031,
				"seconds":	0.99995797872543335,
				"bytes":	606712,
				"bits_per_second":	4853899.9670632351,
				"packets":	419,
				"omitted":	false,
				"sender":	true
			}
		}, {
			"streams":	[{
					"socket":	6,
					"start":	2.000031,
					"end":	3.000047,
					"seconds":	1.0000159740448,
					"bytes":	606712,
					"bits_per_second":	4853618.46808115,
					"packets":	419,
					"omitted":	false,
					"sender":	true
				}],
			"sum":	{
				"start":	2.000031,
				"end":	3.000047,
				"seconds":	1.0000159740448,
				"bytes":	606712,
				"bits_per_second":	4853618.46808115,
				"packets":	419,
				"omitted":	false,
				"sender":	true
			}
		}, {
			"streams":	[{
					"socket":	6,
					"start":	3.000047,
					"end":	4.000085,
					"seconds":	1.0000380277633667,
					"bytes":	608160,
					"bits_per_second":	4865094.9913189132,
					"packets":	420,
					"omitted":	false,
					"sender":	true
				}],
			"sum":	{
				"start":	3.000047,
				"end":	4.000085,
				"seconds":	1.0000380277633667,
				"bytes":	608160,
				"bits_per_second":	4865094.9913189132,
				"packets":	420,
				"omitted":	false,
				"sender":	true
			}
		}, {
			"streams":	[{
					"socket":	6,
					"start":	4.000085,
					"end":	5.000071,
					"seconds":	0.99998599290847778,
					"bytes":	606712,
					"bits_per_second":	4853763.9871163946,
					"packets":	419,
					"omitted":	false,
					"sender":	true
				}],
			"sum":	{
				"start":	4.000085,
				"end":	5.000071,
				"seconds":	0.99998599290847778,
				"bytes":	606712,
				"bits_per_second":	4853763.9871163946,
				"packets":	419,
				"omitted":	false,
				"sender":	true
			}
		}, {
			"streams":	[{
					"socket":	6,
					"start":	5.000071,
					"end":	6.000084,
					"seconds":	1.000012993812561,
					"bytes":	606712,
					"bits_per_second":	4853632.9328034315,
					"packets":	419,
					"omitted":	false,
					"sender":	true
				}],
			"sum":	{
				"start":	5.000071,
				"end":	6.000084,
				"seconds":	1.000012993812561,
				"bytes":	606712,
				"bits_per_second":	4853632.9328034315,
				"packets":	419,
				"omitted":	false,
				"sender":	true
			}
		}, {
			"streams":	[{
					"socket":	6,
					"start":	6.000084,
					"end":	7.000087,
					"seconds":	1.0000029802322388,
					"bytes":	608160,
					"bits_per_second":	4865265.5003789058,
					"packets":	420,
					"omitted":	false,
					"sender":	true
				}],
			"sum":	{
				"start":	6.000084,
				"end":	7.000087,
				"seconds":	1.0000029802322388,
				"bytes":	608160,
				"bits_per_second":	4865265.5003789058,
				"packets":	420,
				"omitted":	false,
				"sender":	true
			}
		}, {
			"streams":	[{
					"socket":	6,
					"start":	7.000087,
					"end":	8.000157,
					"seconds":	1.0000699758529663,
					"bytes":	606712,
					"bits_per_second":	4853356.3822474023,
					"packets":	419,
					"omitted":	false,
					"sender":	true
				}],
			"sum":	{
				"start":	7.000087,
				"end":	8.000157,
				"seconds":	1.0000699758529663,
				"bytes":	606712,
				"bits_per_second":	4853356.3822474023,
				"packets":	419,
				"omitted":	false,
				"sender":	true
			}
		}, {
			"streams":	[{
					"socket":	6,
					"start":	8.000157,
					"end":	9.000072,
					"seconds":	0.99991500377655029,
					"bytes":	608160,
					"bits_per_second":	4865693.5655775378,
					"packets":	420,
					"omitted":	false,
					"sender":	true
				}],
			"sum":	{
				"start":	8.000157,
				"end":	9.000072,
				"seconds":	0.99991500377655029,
				"bytes":	608160,
				"bits_per_second":	4865693.5655775378,
				"packets":	420,
				"omitted":	false,
				"sender":	true
			}
		}, {
			"streams":	[{
					"socket":	6,
					"start":	9.000072,
					"end":	10.000098,
					"seconds":	1.0000259876251221,
					"bytes":	606712,
					"bits_per_second":	4853569.8672457859,
					"packets":	419,
					"omitted":	false,
					"sender":	true
				}],
			"sum":	{
				"start":	9.000072,
				"end":	10.000098,
				"seconds":	1.0000259876251221,
				"bytes":	606712,
				"bits_per_second":	4853569.8672457859,
				"packets":	419,
				"omitted":	false,
				"sender":	true
			}
		}, {
			"streams":	[{
					"socket":	6,
					"start":	10.000098,
					"end":	11.000079,
					"seconds":	0.99998098611831665,
					"bytes":	608160,
					"bits_per_second":	4865372.509617243,
					"packets":	420,
					"omitted":	false,
					"sender":	true
				}],
			"sum":	{
				"start":	10.000098,
				"end":	11.000079,
				"seconds":	0.99998098611831665,
				"bytes":	608160,
				"bits_per_second":	4865372.509617243,
				"packets":	420,
				"omitted":	false,
				"sender":	true
			}
		}, {
			"streams":	[{
					"socket":	6,
					"start":	11.000079,
					"end":	12.000081,
					"seconds":	1.0000020265579224,
					"bytes":	606712,
					"bits_per_second":	4853686.1637238525,
					"packets":	419,
					"omitted":	false,
					"sender":	true
				}],
			"sum":	{
				"start":	11.000079,
				"end":	12.000081,
				"seconds":	1.0000020265579224,
				"bytes":	606712,
				"bits_per_second":	4853686.1637238525,
				"packets":	419,
				"omitted":	false,
				"sender":	true
			}
		}, {
			"streams":	[{
					"socket":	6,
					"start":	12.000081,
					"end":	13.0001,
					"seconds":	1.0000189542770386,
					"bytes":	608160,
					"bits_per_second":	4865187.7838829,
					"packets":	420,
					"omitted":	false,
					"sender":	true
				}],
			"sum":	{
				"start":	12.000081,
				"end":	13.0001,
				"seconds":	1.0000189542770386,
				"bytes":	608160,
				"bits_per_second":	4865187.7838829,
				"packets":	420,
				"omitted":	false,
				"sender":	true
			}
		}, {
			"streams":	[{
					"socket":	6,
					"start":	13.0001,
					"end":	14.000025,
					"seconds":	0.99992501735687256,
					"bytes":	606712,
					"bits_per_second":	4854059.9702464677,
					"packets":	419,
					"omitted":	false,
					"sender":	true
				}],
			"sum":	{
				"start":	13.0001,
				"end":	14.000025,
				"seconds":	0.99992501735687256,
				"bytes":	606712,
				"bits_per_second":	4854059.9702464677,
				"packets":	419,
				"omitted":	false,
				"sender":	true
			}
		}, {
			"streams":	[{
					"socket":	6,
					"start":	14.000025,
					"end":	15.000083,
					"seconds":	1.0000580549240112,
					"bytes":	608160,
					"bits_per_second":	4864997.56293617,
					"packets":	420,
					"omitted":	false,
					"sender":	true
				}],
			"sum":	{
				"start":	14.000025,
				"end":	15.000083,
				"seconds":	1.0000580549240112,