
{
	"start":	{
		"connected":	[{
				"socket":	6,
				"local_host":	"172.18.0.2",
				"local_port":	50100,
				"remote_host":	"172.18.0.6",
				"remote_port":	36425
			}],
		"version":	"iperf 3.11",
		"system_info":	"Linux ips-server 6.0.9-200.fc36.x86_64 #1 SMP PREEMPT_DYNAMIC Wed Nov 16 17:50:45 UTC 2022 x86_64",
		"target_bitrate":	100000000,
		"timestamp":	{
			"time":	"Wed, 23 Nov 2022 13:06:46 UTC",
			"timesecs":	1669208806
		},
		"accepted_connection":	{
			"host":	"172.18.0.6",
			"port":	46508
		},
		"cookie":	"qnfn72bg4lc7heulgvknck4ovgapl2fqecbp",
		"target_bitrate":	100000000,
		"sock_bufsize":	0,
		"sndbuf_actual":	212992,
		"rcvbuf_actual":	212992,
		"test_start":	{
			"protocol":	"UDP",
			"num_streams":	1,
			"blksize":	1448,
			"omit":	0,
			"duration":	30,
			"bytes":	0,
			"blocks":	0,
			"reverse":	1,
			"tos":	0,
			"target_bitrate":	100000000
		}
	},
	"intervals":	[{
			"streams":	[{
					"socket":	6,
					"start":	0,
					"end":	1.000066,
					"seconds":	1.0000660419464111,
					"bytes":	677664,
					"bits_per_second":	5420953.9896471184,
					"packets":	468,
					"omitted":	false,
					"sender":	true
				}],
			"sum":	{
				"start":	0,
				"end":	1.000066,
				"seconds":	1.0000660419464111,
				"bytes":	677664,
				"bits_per_second":	5420953.9896471184,
				"packets":	468,
				"omitted":	false,
				"sender":	true
			}
		}, {
			"streams":	[{
					"socket":	6,
					"start":	1.000066,
					"end":	2.000038,
					"seconds":	0.99997198581695557,
					"bytes":	606712,
					"bits_per_second":	4853831.9761374462,
					"packets":	419,
					"omitted":	false,
					"sender":	true
				}],
			"sum":	{
				"start":	1.000066,
				"end":	2.000038,
				"seconds":	0.99997198581695557,
				"bytes":	606712,
				"bits_per_second":	4853831.9761374462,
				"packets":	419,
				"omitted":	false,
				"sender":	true
			}
		}, {
			"streams":	[{
					"socket":	6,
					"start":	2.000038,
					"end":	3.000079,
					"seconds":	1.0000410079956055,
					"bytes":	608160,
					"bits_per_second":	4865080.49280053,
					"packets":	420,
					"omitted":	false,
					"sender":	true
				}],
			"sum":	{
				"start":	2.000038,
				"end":	3.000079,
				"seconds":	1.0000410079956055,
				"bytes":	608160,
				"bits_per_second":	4865080.49280053,
				"packets":	420,
				"omitted":	false,
				"sender":	true
			}
		}, {
			"streams":	[{
					"socket":	6,
					"start":	3.000079,
					"end":	4.000098,
					"seconds":	1.0000189542770386,
					"bytes":	606712,
					"bits_per_second":	4853604.0034450833,
					"packets":	419,
					"omitted":	false,
					"sender":	true
				}],
			"sum":	{
				"start":	3.000079,
				"end":	4.000098,
				"seconds":	1.0000189542770386,
				"bytes":	606712,
				"bits_per_second":	4853604.0034450833,
				"packets":	419,
				"omitted":	false,
				"sender":	true
			}
		}, {
			"streams":	[{
					"socket":	6,
					"start":	4.000098,
					"end":	5.000082,
					"seconds":	0.9999840259552002,
					"bytes":	608160,
					"bits_per_second":	4865357.7194421776,
					"packets":	420,
					"omitted":	false,
					"sender":	true
				}],
			"sum":	{
				"start":	4.000098,
				"end":	5.000082,
				"seconds":	0.9999840259552002,
				"bytes":	608160,
				"bits_per_second":	4865357.7194421776,
				"packets":	420,
				"omitted":	false,
				"sender":	true
			}
		}, {
			"streams":	[{
					"socket":	6,
					"start":	5.000082,
					"end":	6.000077,
					"seconds":	0.999994993209839,
					"bytes":	606712,
					"bits_per_second":	4853720.30155905,
					"packets":	419,
					"omitted":	false,
					"sender":	true
				}],
			"sum":	{
				"start":	5.000082,
				"end":	6.000077,
				"seconds":	0.999994993209839,
				"bytes":	606712,
				"bits_per_second":	4853720.30155905,
				"packets":	419,
				"omitted":	false,
				"sender":	true
			}
		}, {
			"streams":	[{
					"socket":	6,
					"start":	6.000077,
					"end":	7.000093,
					"seconds":	1.0000159740448,
					"bytes":	608160,
					"bits_per_second":	4865202.28304077,
					"packets":	420,
					"omitted":	false,
					"sender":	true
				}],
			"sum":	{
				"start":	6.000077,
				"end":	7.000093,
				"seconds":	1.0000159740448,
				"bytes":	608160,
				"bits_per_second":	4865202.28304077,
				"packets":	420,
				"omitted":	false,
				"sender":	true
			}
		}, {
			"streams":	[{
					"socket":	6,
					"start":	7.000093,
					"end":	8.000081,
					"seconds":	0.9999880194664,
					"bytes":	606712,
					"bits_per_second":	4853754.1505646864,
					"packets":	419,
					"omitted":	false,
					"sender":	true
				}],
			"sum":	{
				"start":	7.000093,
				"end":	8.000081,
				"seconds":	0.9999880194664,
				"bytes":	606712,
				"bits_per_second":	4853754.1505646864,
				"packets":	419,
				"omitted":	false,
				"sender":	true
			}
		}, {
			"streams":	[{
					"socket":	6,
					"start":	8.000081,
					"end":	9.000067,
					"seconds":	0.99998599290847778,
					"bytes":	608160,
					"bits_per_second":	4865348.1493768161,
					"packets":	420,
					"omitted":	false,
					"sender":	true
				}],
			"sum":	{
				"start":	8.000081,
				"end":	9.000067,
				"seconds":	0.99998599290847778,
				"bytes":	608160,
				"bits_per_second":	4865348.1493768161,
				"packets":	420,
				"omitted":	false,
				"sender":	true
			}
		}, {
			"streams":	[{
					"socket":	6,
					"start":	9.000067,
					"end":	10.000037,
					"seconds":	0.999970018863678,
					"bytes":	606712,
					"bits_per_second":	4853841.5236844067,
					"packets":	419,
					"omitted":	false,
					"sender":	true
				}],
			"sum":	{
				"start":	9.000067,
				"end":	10.000037,
				"seconds":	0.999970018863678,
				"bytes":	606712,
				"bits_per_second":	4853841.5236844067,
				"packets":	419,
				"omitted":	false,
				"sender":	true
			}
		}, {
			"streams":	[{
					"socket":	6,
					"start":	10.000037,
					"end":	11.000142,
					"seconds":	1.0001050233840942,
					"bytes":	608160,
					"bits_per_second":	4864769.0854878053,
					"packets":	420,
					"omitted":	false,
					"sender":	true
				}],
			"sum":	{
				"start":	10.000037,
				"end":	11.000142,
				"seconds":	1.0001050233840942,
				"bytes":	608160,
				"bits_per_second":	4864769.0854878053,
				"packets":	420,
				"omitted":	false,
				"sender":	true
			}
		}, {
			"streams":	[{
					"socket":	6,
					"start":	11.000142,
					"end":	12.000123,
					"seconds":	0.99998098611831665,
					"bytes":	606712,
					"bits_per_second":	4853788.28935625,
					"packets":	419,
					"omitted":	false,
					"sender":	true
				}],
			"sum":	{
				"start":	11.000142,
				"end":	12.000123,
				"seconds":	0.99998098611831665,
				"bytes":	606712,
				"bits_per_second":	4853788.28935625,
				"packets":	419,
				"omitted":	false,
				"sender":	true
			}
		}, {
			"streams":	[{
					"socket":	6,
					"start":	12.000123,
					"end":	13.000066,
					"seconds":	0.99994301795959473,
					"bytes":	606712,
					"bits_per_second":	4853972.589262207,
					"packets":	419,
					"omitted":	false,
					"sender":	true
				}],
			"sum":	{
				"start":	12.000123,
				"end":	13.000066,
				"seconds":	0.99994301795959473,
				"bytes":	606712,
				"bits_per_second":	4853972.589262207,
				"packets":	419,
				"omitted":	false,
				"sender":	true
			}
		}, {
			"streams":	[{
					"socket":	6,
					"start":	13.000066,
					"end":	14.000064,
					"seconds":	0.99999797344207764,
					"bytes":	608160,
					"bits_per_second":	4865289.85979171,
					"packets":	420,
					"omitted":	false,
					"sender":	true
				}],
			"sum":	{
				"start":	13.000066,
				"end":	14.000064,
				"seconds":	0.99999797344207764,
				"bytes":	608160,
				"bits_per_second":	4865289.85979171,
				"packets":	420,
				"omitted":	false,
				"sender":	true
			}
		}, {
			"streams":	[{
					"socket":	6,
					"start":	14.000064,
					"end":	15.000021,
					"seconds":	0.999957025051117,
					"bytes":	606712,
					"bits_per_second":	4853904.59630191,
					"packets":	419,
					"omitted":	false,
					"sender":	true
				}],
			"sum":	{
				"start":	14.000064,
				"end":	15.000021,
				"seconds":	0.999957025051117,